1;sfx_14.mp3
2;sfx_18.mp3
3;shakeBlur3FX
4;shakeBlur2FX
5;fadeFX
6;blur5FX
7;blur4FX
8;blur3FX
9;blur2FX
10;blur1FX
36;window304VerificationSentMessageMC
39;window304VerifyAccountMessageMC
40;shakeBlur1FX
41;damageHpFX
43;CheckThemeColor1
45;exeBorderLargeMC
48;window304PreChangeServerMessageMC
78;window470VerifyMC
79;shakeSAFX
82;CheckFalseDisabled
85;CheckFalseDown
86;CheckFalseOver
87;CheckFalseUp
90;CheckTrueDisabled
93;CheckTrueDown
94;CheckTrueOver
95;CheckTrueUp
96;CheckBoxAssets
97;damageFX
98;buttonOverFX
99;shakeParentFX
102;ComboDownArrowDisabled
105;ComboDownArrowDown
108;ComboDownArrowOver
109;ComboDownArrowUp
110;ComboAssets
113;RadioFalseDisabled
116;RadioFalseDown
117;RadioFalseOver
118;RadioFalseUp
121;RadioTrueDisabled
122;RadioTrueUp
123;RadioButtonAssets
126;ScrollTrack
127;BtnDownArrow
130;ScrollDownArrowDisabled
133;ScrollDownArrowDown
136;ScrollDownArrowOver
137;ScrollDownArrowUp
140;ScrollThumbBottomDisabled
141;ScrollThumbBottomDown
142;ScrollThumbBottomOver
143;ScrollThumbBottomUp
145;ScrollThumbGripDisabled
146;ScrollThumbGripDown
147;ScrollThumbGripOver
148;ScrollThumbGripUp
151;ScrollThumbMiddleDisabled
152;ScrollThumbMiddleDown
153;ScrollThumbMiddleOver
154;ScrollThumbMiddleUp
157;ScrollThumbTopDisabled
158;ScrollThumbTopDown
159;ScrollThumbTopOver
160;ScrollThumbTopUp
161;ScrollTrackDisabled
164;ScrollUpArrowDisabled
167;ScrollUpArrowDown
170;ScrollUpArrowOver
173;ScrollUpArrowUp
174;BtnUpArrow
175;HScrollBarAssets
176;ScrollBarAssets
177;VScrollBarAssets
183;BoundingBox
185;BrdrShdw
187;BrdrFace
188;SimpleButtonDown
190;BrdrBlk
192;BrdrHilght
193;SimpleButtonIn
194;SimpleButtonUp
195;Defaults
196;UIObjectExtensions
197;UIObject
202;FocusRect
203;FocusManager
204;UIComponentExtensions
205;UIComponent
206;SimpleButton
207;Border
208;RectBorder
209;ButtonSkin
210;Button
211;CustomBorder
212;VScrollBar
213;HScrollBar
214;UIScrollBar
247;DataProvider
248;DataSelector
249;SelectableRow
250;View
251;ScrollView
252;ScrollSelectList
253;List
261;TextInput
262;ComboBase
263;ComboBox
267;RadioButton
227;__Packages.mx.skins.ColoredSkinElement
8071;__Packages.mx.utils.Delegate
8072;__Packages.com.meychi.ascrypt.MD5
8073;__Packages.XML2Object
178;__Packages.mx.core.UIObject
215;__Packages.mx.skins.SkinElement
216;__Packages.mx.styles.CSSTextStyles
218;__Packages.mx.styles.CSSStyleDeclaration
217;__Packages.mx.styles.StyleManager
179;__Packages.mx.core.UIComponent
222;__Packages.mx.controls.SimpleButton
241;__Packages.mx.controls.listclasses.DataSelector
257;__Packages.mx.controls.ComboBase
219;__Packages.mx.skins.Border
237;__Packages.mx.skins.RectBorder
264;__Packages.mx.controls.TextInput
258;__Packages.mx.controls.ComboBox
265;__Packages.mx.managers.PopUpManager
230;__Packages.mx.managers.DepthManager
231;__Packages.mx.managers.SystemManager
225;__Packages.mx.events.EventDispatcher
242;__Packages.mx.core.View
254;__Packages.mx.core.ExternalContent
226;__Packages.mx.events.UIEventDispatcher
243;__Packages.mx.core.ScrollView
180;__Packages.mx.controls.scrollClasses.ScrollBar
220;__Packages.mx.skins.CustomBorder
221;__Packages.mx.controls.scrollClasses.ScrollThumb
244;__Packages.mx.controls.listclasses.DataProvider
245;__Packages.mx.controls.listclasses.ScrollSelectList
246;__Packages.mx.controls.List
255;__Packages.mx.effects.Tween
224;__Packages.mx.controls.Button
266;__Packages.mx.controls.RadioButton
268;__Packages.mx.controls.RadioButtonGroup
468;__Packages.mx.controls.CheckBox
181;__Packages.mx.controls.UIScrollBar
223;__Packages.mx.controls.VScrollBar
228;__Packages.mx.core.ext.UIObjectExtensions
229;__Packages.mx.skins.halo.Defaults
232;__Packages.mx.managers.FocusManager
233;__Packages.mx.skins.halo.FocusRect
234;__Packages.mx.managers.OverlappedWindows
235;__Packages.mx.styles.CSSSetStyle
236;__Packages.mx.core.ext.UIComponentExtensions
238;__Packages.mx.skins.halo.RectBorder
239;__Packages.mx.skins.halo.ButtonSkin
240;__Packages.mx.controls.HScrollBar
256;__Packages.mx.controls.listclasses.SelectableRow
469;CheckBox
476;window200MsgMC
490;window4053DayFreeLabPassMC
1517;ballistickIconMC
2627;lockMC
2958;playerNameMC
3294;characterMC
3431;parallaxBG4
3452;rankGainMC
3479;window470LogInMC
3482;window304LogInMessageMC
3485;window304ChangeServerMessageMC
3486;resetFX
3488;ThumbThemeColor3
3489;ThumbThemeColor2
3491;ThumbThemeColor1
3493;ScrollThumbThemeColorlg
3495;ScrollThumbMiddleColorTheme
3497;ScrollThumbColorTheme
3499;ScrollThemeColor2
3501;ScrollThemeColor1
3503;RadioThemeColor2
3505;RadioThemeColor1
3507;ComboThemeColor1
3603;summaryCharLose1MC
3798;summaryCharLose0MC
3947;summaryCharWin0MC
3958;BGScrollParticle
3961;tile2W6
3964;tile2W5
3967;tile2W4
3970;tile2W3
3973;tile2W2
3976;tile2W1
3979;tile2W0
3982;tile2V9
3985;tile2V8
3988;tile2V7
3991;tile2V6
3994;tile2V5
3997;tile2V4
4000;tile2V3
4003;tile2V2
4006;tile2V1
4009;tile2V0
4012;tile2U8
4015;tile2U7
4018;tile2U6
4021;tile2U5
4024;tile2U4
4027;tile2U3
4030;tile2U2
4033;tile2U1
4036;tile2U0
4039;tile2T8
4042;tile2T7
4045;tile2T6
4048;tile2T5
4051;tile2T4
4054;tile2T3
4057;tile2T2
4060;tile2T1
4063;tile2T0
4066;tile2S5
4069;tile2S4
4072;tile2S3
4075;tile2S2
4078;tile2S1
4081;tile2S0
4084;tile2R2
4087;tile2R1
4090;tile2R0
4093;tile2Q2
4096;tile2Q1
4099;tile2Q0
4102;tile2P9
4105;tile2P8
4108;tile2P7
4111;tile2P6
4114;tile2P5
4117;tile2P4
4120;tile2P3
4123;tile2P2
4126;tile2P1
4129;tile2P0
4132;tile2M7
4135;tile2M6
4138;tile2M5
4141;tile2M4
4144;tile2M3
4147;tile2M2
4150;tile2M1
4153;tile2M0
4156;tile2L4
4159;tile2L3
4162;tile2L2
4165;tile2L1
4168;tile2L0
4171;tile2K2
4178;tile2K1
4185;tile2K0
4188;tile2J8
4191;tile2J7
4194;tile2J6
4197;tile2J5
4200;tile2J4
4203;tile2J3
4206;tile2J2
4209;tile2J1
4212;tile2J0
4215;tile2I9
4218;tile2I8
4221;tile2I7
4224;tile2I6
4227;tile2I5
4230;tile2I4
4233;tile2I3
4236;tile2I2
4239;tile2I1
4242;tile2I0
4245;tile2H6
4248;tile2H4
4251;tile2H3
4254;tile2H2
4257;tile2H1
4260;tile2H0
4263;tile2G8
4266;tile2G7
4269;tile2G6
4272;tile2G5
4275;tile2G4
4278;tile2G3
4281;tile2G2
4284;tile2G1
4287;tile2G0
4290;tile2F5
4293;tile2F4
4296;tile2F3
4299;tile2F2
4302;tile2F1
4305;tile2F0
4308;tile2E0
4311;tile2D9
4314;tile2D8
4317;tile2D7
4320;tile2D6
4323;tile2D5
4326;tile2D4
4329;tile2D3
4332;tile2D2
4335;tile2D1
4338;tile2D0
4341;tile2C9
4344;tile2C8
4347;tile2C7
4350;tile2C6
4353;tile2C5
4356;tile2C4
4359;tile2C3
4362;tile2C2
4365;tile2C1
4368;tile2C0
4371;tile2B3
4374;tile2B2
4377;tile2B1
4380;tile2B0
4381;tile0A0
4382;pickupswordMC
4383;pickupsledgeMC
4384;pickupshotgunMC
4386;pickupknifeMC
4387;pickupglockMC
4389;pickupfistMC
4390;pickupbatMC
4391;pickupak47MC
4395;sledgeParticleMC
4396;shotgunParticleMC
4397;glockParticleMC
4400;ak47ParticleMC
4413;bloodSword0MC
4426;bloodShotgun2MC
4439;bloodShotgun1MC
4440;bloodShotgun0MC
4452;bloodKnife0MC
4453;bloodBullet2MC
4465;bloodBullet1MC
4476;bloodBullet0MC
4489;bloodBat1MC
4501;bloodBat0MC
4504;tile1W8
4507;tile1W7
4510;tile1W6
4513;tile1W5
4516;tile1W4
4519;tile1W3
4522;tile1W2
4525;tile1W1
4528;tile1W0
4539;tile1V0
4542;tile1T7
4545;tile1T6
4548;tile1T5
4551;tile1T4
4554;tile1T3
4557;tile1T2
4560;tile1T1
4563;tile1T0
4566;tile1S5
4569;tile1S4
4572;tile1S3
4575;tile1S2
4578;tile1S1
4581;tile1S0
4584;tile1R3
4587;tile1R2
4590;tile1R1
4593;tile1R0
4596;tile1H3
4599;tile1H2
4602;tile1H1
4605;tile1H0
4608;tile1G9
4611;tile1G8
4614;tile1G7
4617;tile1G6
4620;tile1G5
4623;tile1G4
4626;tile1G3
4629;tile1G2
4632;tile1G1
4635;tile1G0
4638;tile1F9
4641;tile1F8
4644;tile1F7
4647;tile1F6
4650;tile1F5
4653;tile1F3
4656;tile1F2
4659;tile1F1
4662;tile1F0
4665;tile1E9
4668;tile1E8
4671;tile1C2
4674;tile1C1
4677;tile1C0
4680;tile1A9
4683;tile1A8
4686;tile1A7
4689;tile1A6
4692;tile1A5
4695;tile1A4
4698;tile1A3
4701;tile1A2
4704;tile1A1
4707;tile1A0
4710;tile0Y5
4713;tile0Y4
4716;tile0Y3
4719;tile0Y2
4722;tile0Y1
4725;tile0Y0
4728;tile0X5
4731;tile0X4
4734;tile0X3
4737;tile0X2
4740;tile0X1
4743;tile0X0
4746;tile0W9
4749;tile0W8
4752;tile0W7
4755;tile0W6
4758;tile0W5
4761;tile0W4
4764;tile0W3
4767;tile0W2
4770;tile0W1
4773;tile0W0
4776;tile0V8
4779;tile0V7
4782;tile0V6
4785;tile0V5
4788;tile0V4
4791;tile0V3
4794;tile0V2
4797;tile0V1
4800;tile0V0
4803;tile0T3
4806;tile0T2
4809;tile0T1
4812;tile0T0
4815;tile0R8
4818;tile0R7
4821;tile0R6
4824;tile0R5
4827;tile0R4
4830;tile0R3
4833;tile0R2
4836;tile0R1
4839;tile0R0
4842;tile0Q6
4845;tile0Q5
4848;tile0Q4
4851;tile0Q3
4854;tile0Q2
4857;tile0Q1
4860;tile0Q0
4863;tile0P5
4866;tile0P4
4869;tile0P3
4872;tile0P2
4875;tile0P1
4878;tile0P0
4881;tile0L5
4884;tile0L4
4887;tile0L3
4890;tile0L2
4893;tile0L1
4896;tile0L0
4899;tile0K9
4902;tile0K8
4905;tile0K7
4908;tile0K6
4911;tile0K5
4914;tile0K4
4917;tile0K3
4920;tile0K2
4923;tile0K1
4926;tile0K0
4929;tile0J6
4932;tile0J5
4935;tile0J4
4938;tile0J3
4941;tile0J2
4944;tile0J1
4947;tile0J0
4950;tile0I0
4953;tile0H0
4956;tile0G5
4959;tile0G4
4962;tile0G3
4965;tile0G2
4968;tile0G1
4971;tile0G0
4974;tile0F8
4977;tile0F7
4980;tile0F6
4983;tile0F5
4986;tile0F4
4989;tile0F3
4992;tile0F2
4995;tile0F1
4998;tile0F0
5001;tile0E5
5004;tile0E4
5007;tile0E3
5010;tile0E2
5013;tile0E1
5016;tile0E0
5019;tile0D5
5022;tile0D4
5025;tile0D3
5028;tile0D2
5031;tile0D1
5034;tile0D0
5037;tile0C0
5040;tile0B7
5043;tile0B6
5046;tile0B5
5049;tile0B4
5052;tile0B3
5055;tile0B2
5058;tile0B1
5061;tile0B0
5063;tileCol2
5064;tileCol0
5065;tileCol5
5067;tileCol9
5068;tileCol7
5069;tileCol8
5070;tileCol6
5071;tileCol4
5072;tileundefined
5073;tileCol3
5074;fadeInFX
5075;remoteDeathFX
5076;deathFX
5077;remoteSpawnFX
5078;spawnFX
5079;localDamageFX
5081;xqbcnBIqnDg
5142;summaryBoardMC
5205;leaderBoardMC
5211;emptyMC
5212;warningMsgMC
5215;window405MC
5218;window304JoinPrivateMessageMC
5221;window304CreateGameMessageMC
5224;window304CreateAccountMessageMC
5227;window304MC
5233;playerNameLargeMC
5268;window470CreateAccountMC
5273;window470JoinPrivateMC
5289;window470CreateGameMC
5295;gfTruwFZApKOSG
5300;cursor0MC
5303;rank12GMC
5306;rank13GMC
5309;rank14GMC
5312;rank15GMC
5315;rank16GMC
5316;win.wav
5317;Swordpick00.wav
5318;swordimp00.wav
5319;sword20.wav
5320;sword10.wav
5321;sword00.wav
5322;Spawn.wav
5323;sledgepick00.wav
5324;Sledgeimp00.wav
5325;sledge00.wav
5326;Shotgunpick00.wav
5327;shotgunimp00.wav
5328;Shotgun00.wav
5329;SATheme.wav
5330;positionFirst.wav
5331;positionChange.wav
5332;lose.wav
5333;kill.wav
5334;joinLobby.wav
5335;Glockpick00.wav
5336;glockimp00.wav
5337;Glock20.wav
5338;Glock10.wav
5339;Glock00.wav
5340;fistimp00.wav
5341;fist20.wav
5342;fist10.wav
5343;fist00.wav
5344;death6.wav
5345;death5.wav
5346;death4.wav
5347;death3.wav
5348;death2.wav
5349;death1.wav
5350;death0.wav
5351;BTNchat.wav
5352;BTNerror.wav
5353;Batpick00.wav
5354;Batimp00.wav
5355;bat00.wav
5356;AK4720.wav
5357;AK4710.wav
5358;AK4700.wav
5359;AK47pick00.wav
5360;AK47imp00.wav
5379;rank12MC
5397;rank13MC
5415;rank14MC
5433;rank15MC
5451;rank16MC
5469;rank11MC
5472;rank11GMC
5490;rank10MC
5493;rank10GMC
5511;rank9MC
5514;rank9GMC
5532;rank8MC
5535;rank8GMC
5553;rank7MC
5556;rank7GMC
5574;rank6MC
5577;rank6GMC
5595;rank5MC
5598;rank5GMC
5616;rank4MC
5619;rank4GMC
5637;rank3MC
5640;rank3GMC
5658;rank2MC
5661;rank2GMC
5662;rank1MC
5663;rank1GMC
5681;rankMMC
5684; rankMGMC
5701;railgunParticleMC
5704;postMatchBG4MC
5718;window470MapEditorMC
5746;window470LoadMapMC
5764;window470NewMapMC
5767;tile3A0
5770;tile3A1
5773;tile3A2
5776;tile3A3
5779;tile3A4
5782;tile3A5
5803;tile3A6
5806;tile3A7
5809;tile3A8
5812;tile3A9
5815;tile3B0
5818;tile3B1
5821;tile3B2
5824;tile3B3
5827;tile3B4
5830;tile3B5
5833;tile3C0
5836;tile3C1
5839;tile3C2
5842;tile3C3
5845;tile3C4
5848;tile3C5
5851;tile3D0
5854;tile3D1
5857;tile3D2
5860;tile3D3
5863;tile3D4
5866;tile3D5
5869;tile3D6
5872;tile3D7
5875;tile3D8
5878;tile3D9
5881;tile3E0
5884;tile3E1
5887;tile3E2
5890;tile3E3
5893;tile3E4
5896;tile3E5
5899;tile3E6
5902;tile3F0
5905;tile3F1
5908;tile3F2
5911;tile3F3
5914;tile3F4
5917;tile3F5
5920;tile3G0
5923;tile3G1
5926;tile3G2
5929;tile3G3
5932;tile3G4
5935;tile3G5
5938;tile3G6
5941;tile3G7
5944;tile3G8
5947;tile3G9
5950;tile3H0
5953;tile3H1
5956;tile3H2
5959;tile3H3
5962;tile3H4
5965;tile3H5
5968;tile3H6
5971;tile3H7
5974;tile3I0
5977;tile3I1
5980;tile3I2
5983;tile3I3
5986;tile3I4
5989;tile3I5
5992;tile3I6
5995;tile3I7
5998;tile3I8
6005;tile3J0
6008;tile3J1
6017;tile3J2
6020;tile3J3
6023;tile3J4
6032;tile3J5
6035;tile3J6
6042;tile3J7
6045;tile3J8
6054;tile3J9
6057;tile3K0
6064;tile3K1
6077;tile3L0
6086;tile3M0
6097;tile3M1
6100;tile3M2
6103;tile3M3
6106;tile3M4
6115;tile3N0
6124;tile3N1
6133;tile3N2
6136;tile3O0
6139;tile3O1
6154;tile3P0
6163;tile3P1
6172;tile3P2
6183;tile3P3
6194;tile3P4
6199;tile3P5
6208;tile3P6
6217;tile3P7
6228;tile3P8
6239;tile3P9
6250;tile3Q0
6257;tile3Q1
6258;pickupchaingunMC
6259;pickupchainsawMC
6260;pickupflamethrowerMC
6261;pickuplaserswordMC
6262;pickuprailgunMC
6263;pickuphelmetMC
6265;cursorEyeDropperMC
6268;cursorHandClosedMC
6270;cursorHandMC
6272;cursorMirrorXMC
6274;cursorMirrorYMC
6276;cursorPaintBrushMC
6278;cursorRotateMC
6281;window304NewMapMessageMC
6292;tileSetsMC
6293;petMC00
8096;petMC7
8096;petMC13
8096;petMC12
8096;petMC11
8089;indicatorMC94
8096;petMC9
8096;petMC8
8096;petMC14
6327;petMC01
6330;petMC00Selection
6380;petMC02
6381;petBehaviorFloatMC
6384;window304ShopMessageMC
6387;window304FailChangeServerMessageMC
6405;window304ShopGetaPassMessageMC
6408;window304ShopConfirmMessageMC
6439;ticketMC
6448;ticketParentMC
6451;railgunParticleLowMC
6454;rank2MCLobbyBallistick
6455;rank1MCLobbyBallistick
6456;rank3MCLobbyBallistick
6457;rank4MCLobbyBallistick
6458;rank5MCLobbyBallistick
6459;rank6MCLobbyBallistick
6460;rank7MCLobbyBallistick
6461;rank8MCLobbyBallistick
6462;rank9MCLobbyBallistick
6463;rank10MCLobbyBallistick
6464;rank11MCLobbyBallistick
6465;rank12MCLobbyBallistick
6466;rank13MCLobbyBallistick
6467;rank14MCLobbyBallistick
6468;rank15MCLobbyBallistick
6469;rankMMCLobbyBallistick
6470;rank1MCLobby
6471;rank2MCLobby
6472;rank3MCLobby
6473;rank4MCLobby
6474;rank5MCLobby
6475;rank6MCLobby
6476;rank7MCLobby
6477;rank8MCLobby
6478;rank9MCLobby
6479;rank10MCLobby
6480;rank11MCLobby
6481;rank12MCLobby
6482;rank13MCLobby
6483;rank14MCLobby
6484;rank15MCLobby
6485;rankMMCLobby
6590;petMC03
6685;petMC04
6686;editorEraserMC
6687;editorSpawnMC
6692;window470HelpMC
6693;petBehaviorCircleFastMC
6694;petBehaviorCircleSlowMC
6695;petBehaviorCircleSmallMC
6696;petBehaviorCounterCircleFastMC
6697;petBehaviorCounterCircleSlowMC
6698;petBehaviorCounterCircleSmallMC
6699;petBehaviorNoneMC
6700;roomBallistickLobbyMC
6701;roomNormalLobbyMC
6713;window304EditorQuitConfirmation
6716;window304LoadMapMessageMC
6729;window470SaveMapMC
6732;window304SaveMapMessageMC
6735;window304OverwriteConfirmationMC
6815;petMC05
6818;window200LoginMsgMC
6821;window304EditorGeneralMessageMC
6828;window304AccountExpiryNotificationMC
6835;window304ModeratorMessageMC
6838;window304EditorNewMapWarnMessageMC
6841;window304ReturnToLobbyMessageMC
6844;window304ChangeServerProgressMC
6849;indicatorMC83
6855;indicatorMC82
6861;indicatorMC81
6867;indicatorMC25
6876;indicatorMC24
6883;indicatorMC23
6890;indicatorMC22
6896;indicatorMC21
6902;indicatorMC20
6908;indicatorMC19
6914;indicatorMC18
6920;indicatorMC17
6926;indicatorMC16
6932;indicatorMC15
6938;indicatorMC14
6944;indicatorMC13
6950;indicatorMC12
6956;indicatorMC11
6962;indicatorMC10
6968;indicatorMC09
6974;indicatorMC08
6980;indicatorMC07
6986;indicatorMC06
6992;indicatorMC05
7000;indicatorMC04
7006;indicatorMC03
7012;indicatorMC02
7018;indicatorMC01
7024;indicatorMC00
7027;window304JoinGameMessageMC
7033;indicatorMC26
7040;indicatorMC27
7046;indicatorMC28
7056;indicatorMC29
7062;indicatorMC30
7068;indicatorMC31
7075;indicatorMC32
7081;indicatorMC33
7087;indicatorMC34
7090;tile4A0
7093;tile4A1
7096;tile4A2
7099;tile4A3
7102;tile4A4
7105;tile4A5
7108;tile4A6
7111;tile4A7
7114;tile4A8
7117;tile4A9
7120;tile4B0
7123;tile4B1
7126;tile4B2
7129;tile4B3
7132;tile4B4
7135;tile4B5
7138;tile4C0
7141;tile4C1
7144;tile4C2
7147;tile4C3
7150;tile4C4
7153;tile4C5
7156;tile4C6
7159;tile4C7
7162;tile4D0
7165;tile4D1
7168;tile4D2
7171;tile4D3
7174;tile4D4
7177;tile4D5
7180;tile4E0
7183;tile4E1
7186;tile4E2
7189;tile4E3
7192;tile4E4
7195;tile4E5
7198;tile4E6
7201;tile4E7
7204;tile4E8
7207;tile4E9
7210;tile4F0
7213;tile4F1
7216;tile4F2
7219;tile4F3
7222;tile4F4
7225;tile4F5
7228;tile4F6
7231;tile4F7
7234;tile4F8
7237;tile4F9
7240;tile4G0
7243;tile4G1
7246;tile4G2
7249;tile4G3
7252;tile4G4
7255;tile4G5
7258;tile4G6
7261;tile4G7
7264;tile4G8
7267;tile4G9
7270;tile4H0
7273;tile4H1
7276;tile4H2
7279;tile4H3
7282;tile4H4
7285;tile4H5
7288;tile4H6
7291;tile4H7
7294;tile4H8
7297;tile4H9
7300;tile4I0
7303;tile4I1
7306;tile4I2
7309;tile4I3
7312;tile4I4
7315;tile4I5
7318;tile4I6
7321;tile4J0
7324;tile4J1
7327;tile4J2
7330;tile4J3
7333;tile4J4
7336;tile4J5
7339;tile4J6
7342;tile4J7
7345;tile4J8
7348;tile4J9
7351;tile4K0
7354;tile4L0
7357;tile4L1
7360;tile4L2
7363;tile4L3
7366;tile4L4
7369;tile4L5
7372;tile4L6
7375;tile4L7
7378;tile4L8
7381;tile4L9
7384;tile4M0
7387;tile4M1
7390;tile4M2
7393;tile4M3
7396;tile4M4
7399;tile4M5
7402;tile4M6
7405;tile4M7
7408;tile4M8
7411;tile4M9
7414;tile4N0
7417;tile4O0
7420;tile4O1
7423;tile4O2
7426;tile4O3
7433;tile4P0
7440;tile4P1
7447;tile4P2
7454;tile4P3
7461;tile4P4
7468;tile4P5
7475;tile4Q0
7482;tile4Q1
7489;tile4Q2
7496;tile4Q3
7503;tile4Q4
7510;tile4Q5
7513;tile3B6
7516;tile3B7
7519;tile3B8
7521;tileCol1
7524;tile5A0
7527;tile5A1
7530;tile5A2
7533;tile5A3
7536;tile5A4
7539;tile5A5
7542;tile5A6
7545;tile5A7
7548;tile5A8
7561;tile5B0
7564;tile4I7
7567;tile4I8
7570;tile2Q3
7573;tile2Q4
7576;tile2Q5
7579;tile2Q6
7582;tile2Q7
7585;tile2Q8
7588;tile2X0
7591;tile2X1
7594;tile2X2
7597;tile1B0
7600;tile1B1
7603;tile1B2
7606;tile1B3
7609;tile1B4
7612;tile1B5
7615;tile1B6
7618;tile0Q7
7621;tile0Q8
7624;tile0S0
7627;tile0S1
7630;tile0S2
7633;tile0S3
7636;tile0S4
7639;tile0S5
7642;tile0S6
7645;tile5B1
7648;tile5B2
7651;tile5B3
7654;tile5B4
7657;tile5B5
7660;tile5B6
7673;tile5C0
7686;tile5D0
7689;tile5D1
7692;tile5D2
7695;tile5D3
7698;tile5D4
7701;tile5D5
7707;indicatorMC35
7715;indicatorMC36
7724;indicatorMC37
7725;rank16MCLobby
7726;rank16MCLobbyBallistick
7769;window405GetAPass
7817;interstitialMC
7831;window470ChangePasswordMC
7834;window304ChangePasswordMessageMC
7837;window304PurchaseMessageMC
7844;window304XGenAccountCreatedMessageMC
7851;window304ManageAccountMC
7856;window304ShopNotEnoughCredMessageMC
7864;indicatorMC38
7871;indicatorMC39
7887;indicatorMC40
7890;window304PremiumOnlyChangeServerMessageMC
7921;petMC06
7924;window304GlobalMessageMC
7926;cursor2MC
7929;cursor1MC
7934;indicatorMC84
7939;indicatorMC85
7941;indicatorMC41
7943;cursor3MC
7945;cursor4MC
7948;cursor5MC
7950;cursor6MC
7952;cursor7MC
7954;cursor8MC
7956;cursor9MC
7965;indicatorMC42
7973;indicatorMC43
7980;indicatorMC44
8006;indicatorMC45
8013;indicatorMC46
8022;indicatorMC47
8034;indicatorMC48
8089;indicatorMC94
8105;indicatorMC95
8106;indicatorMC97
8108;indicatorMC96
8091;indicatorMC88
8092;indicatorMC89
8090;indicatorMC92
8093;indicatorMC90
8094;indicatorMC91
8081;indicatorMC87
8037;indicatorMC86
8038;privateMessage.wav
8039;BTNout.wav
8040;BTNover.wav
8041;BTNpress.wav
8042;BTNeditor2.wav
8043;BTNeditor1.wav
8044;BTNeditor0.wav
8045;ticketScratch28.wav
8046;ticketScratch27.wav
8047;ticketScratch23.wav
8048;ticketPrize.wav
8049;BTNcustomize.wav
8050;chainsaw20.wav
8051;chainsaw10.wav
8052;chaingun00.wav
8053;chainsawimp00.wav
8054;railgunpick00.wav
8055;railgun00.wav
8056;laserswordpick00.wav
8057;laserswordimp00.wav
8058;lasersword20.wav
8059;lasersword10.wav
8060;lasersword00.wav
8061;helmetpick00.wav
8062;helmetimp00.wav
8063;helmet00.wav
8064;flamethrowerpick00.wav
8065;flamethrower00.wav
8066;chainsawpick00.wav
8067;chainsaw00.wav
8068;chaingunpick00.wav
8069;chaingunimp00.wav
